{
  "first_name": "Lenja",
  "last_name": "Bernhard",
  "gender": "male",
  "profession": "Software Developer",
  "traits": {
    "Openness": 85.48387096774194,
    "Conscientiousness": 69.89247311827957,
    "Extraversion": 48.38709677419355,
    "Agreeableness": 75.80645161290323,
    "Neuroticism": 46.236559139784944,
    "Self-Discipline": 27.956989247311824,
    "Assertiveness": 48.10752688172043,
    "Empathy": 24.193548387096776,
    "Creativity": 50.53763440860215,
    "Curiosity": 52.68817204301075,
    "Resilience": 73.11827956989248,
    "Adaptability": 31.021505376344088,
    "Emotional Intelligence": 66.12903225806451,
    "Leadership": 22.58064516129032,
    "Risk-Taking": 50.0,
    "Perfectionism": 54.83870967741935,
    "Optimism": 44.623655913978496,
    "Patience": 59.67741935483871,
    "Honesty": 90.32258064516128,
    "Ambition": 30.64516129032258
  },
  "additional_notes": "",
  "timestamp": "2024-09-30T13:03:57.575111",
  "personality_type": "HO",
    "sigil": "%\u00e7%)//@\"(\\\n%\"&\\!)!\"@\"\n\")@*(=++>*\n&\\(@<<\\*>>\n\u00e7\"/*\\%\"<<+"
}