{
  "first_name": "Nico",
  "last_name": "Benninger",
  "gender": "male",
  "profession": "Software Developer",
  "traits": {
    "Openness": 26.881720430107524,
    "Conscientiousness": 69.89247311827957,
    "Extraversion": 15.053763440860216,
    "Agreeableness": 75.80645161290323,
    "Neuroticism": 33.33333333333333,
    "Self-Discipline": 75.26881720430107,
    "Assertiveness": 30.107526881720432,
    "Empathy": 20.967741935483872,
    "Creativity": 36.55913978494624,
    "Curiosity": 67.20430107526882,
    "Resilience": 70.0,
    "Adaptability": 36.02150537634409,
    "Emotional Intelligence": 9.13978494623656,
    "Leadership": 29.56989247311828,
    "Risk-Taking": 31.72043010752688,
    "Perfectionism": 69.89247311827957,
    "Optimism": 49.46236559139785,
    "Patience": 27.956989247311824,
    "Honesty": 86.55913978494624,
    "Ambition": 87.09677419354838
  },
  "additional_notes": "",
  "timestamp": "2024-09-30T13:06:23.257624",
  "personality_type": "AH",
    "sigil": "%\u00e7%)><@\"(\\\n%\"&\\!)!\"@\"\n\")@*(=++>*\n&\\(@<<\\*>>\n\u00e7\"/*\\%\"<<+"
}